user_message,ai_response,dialogue_id,response_id,episode_done,source
"B: I would trust the federal government to run a lot of things that they don't currently, if only half of our elected officials are hell-bent on destroying it.","Do you really think republicans want to destroy federal programs... just because? That somehow half of our elected officials are psychopaths that just enjoy voting to ""destroy"" things?",45,15,0,subreddit-moderatepolitics
"C: I said the government, not the political system. I blamed corporate America for deliberately sabotaging the political system. As close as those two entities are to each other they aren't quite the same thing yet.","I think you are splitting hairs now.  The claim you made was not a moderate view. 

",45,26,1,subreddit-moderatepolitics
A: I agree with you completely. However i would like to state that i don't believe that it's only the R's who were complicit. The dem's have their place in this messed up thing we call govt. ,Agreed. When I spoke about R's earlier it was because destroying government is literally their party motto. They are open and honest about their desire to castrate the government and it shouldn't be taboo to refer to that fact in my opinion.,45,31,1,subreddit-moderatepolitics
B: Agreed. When I spoke about R's earlier it was because destroying government is literally their party motto. They are open and honest about their desire to castrate the government and it shouldn't be taboo to refer to that fact in my opinion.,Fair enough. I would tend to agree with that assessment. ,45,32,1,subreddit-moderatepolitics
"B: Other then, civic duty, or if my state had a proportional system of allocating electoral college votes. ","If everyone voted, politicians would be more accountable to all instead of just their loyal voting blocks.  
Romney has recently realized this and has changed his positions so much that even he doesn't even know where he stands though.  ",322,0,1,subreddit-Askpolitics
B: Have to provide examples,"Your question mark is poignant.  Trump received the same narrative in criticism, oddly.  It is possible for that scenario to occur if your motives are private, unknown to the public, and for personal gain.  One would bumble through public achievements as they were counterproductive to their true aims.",350,6,0,subreddit-Askpolitics
"C:  The problem is that in the US, Socialism is still a dirty word

I don't see that as a problem.","How so?  Is it not a problem because you think socialism is bad and deserves to be denegrated or is it not a problem because Sanders and his supporters don't see him as one?  Because a lot of people right or wrong do see him as a socialist which is the least popular attribute that could be attributed to a politician beating atheism, islam and homosexuality.  Peoples' impression of a candidate matters a lot.",805,6,1,subreddit-NeutralPolitics
"B: How so?  Is it not a problem because you think socialism is bad and deserves to be denegrated or is it not a problem because Sanders and his supporters don't see him as one?  Because a lot of people right or wrong do see him as a socialist which is the least popular attribute that could be attributed to a politician beating atheism, islam and homosexuality.  Peoples' impression of a candidate matters a lot.",This is not about Bernie. He is an example. so was Debs.  ,805,7,0,subreddit-NeutralPolitics
C: to an extent. They weight the cost/benefits of those and typically explain the other sides reasoning poignantly ,"I would disagree on this one. Economics is more of an art than it is a science. Because it's an art, it's going to carry a tinge of subjectivity. ",853,6,1,subreddit-NeutralPolitics
"A: If an organization disproportionally attracts racists, it's probably because the organization is itself racist.","so, because Islam attracts terrorists, then Muslims are all terrorists?",1318,6,1,subreddit-moderatepolitics
"B: so, because Islam attracts terrorists, then Muslims are all terrorists?","Interesting point, but Islam doesn't disproportionately attract terrorists, and what constitutes terrorism often depends on whose side you're on.",1318,7,0,subreddit-moderatepolitics
"C: Interesting point, but Islam doesn't disproportionately attract terrorists, and what constitutes terrorism often depends on whose side you're on.",Devil's Advocate - What groups attract more of a percentage of active terrorists?,1318,8,1,subreddit-moderatepolitics
"A: I used to be a Tea Partier, then all the racists joined.","How is the Daily Beast not a bastion of neutrality? I just wonder, because I have a subscription to Newsweek and Newsweek used to be known as conservative. Before the definition shifted to some weird lunatic fringe being conservative and the rest being liberal.",1318,13,0,subreddit-moderatepolitics
"A: How is the Daily Beast not a bastion of neutrality? I just wonder, because I have a subscription to Newsweek and Newsweek used to be known as conservative. Before the definition shifted to some weird lunatic fringe being conservative and the rest being liberal.","I know a few tea party people, and no of them were racist.  One was half cuban.",1318,14,1,subreddit-moderatepolitics
"B: So you're not asking a question, you  believe that the Tea Party isn't racist.  That makes things different.","yeah, I believe that the Tea Party isn't racist, but my question is why other people do. I want to hear a coherent argument about what makes the Tea Party, as a movement, racist.",1318,18,0,subreddit-moderatepolitics
A: The same people who hijacked the tea party are the same ones that hijacked the gop in the late 90s. They took a yearning for small government and turned it into a racist oppressive theocratic movement. ,"You might have success in the sort term, but are you sure they don't turn around and just vote a GOP ticket and regurgitate the same crap they were spouting before?",1318,58,1,subreddit-moderatepolitics
"B: You might have success in the sort term, but are you sure they don't turn around and just vote a GOP ticket and regurgitate the same crap they were spouting before?","People are fed up of both. Yeah they might rationalize their vote. Lesser of two evils and all that.

There will may not be this much discontent later on. I figure strike while the iron is hot.....",1318,59,0,subreddit-moderatepolitics
"B: A business doesn't own its employees.  It does, however, own itself, and therefore the right to hire whoever they want. 

At least that is their reasoning.  I don't necessarily agree with it.","Yea I understand the reasoning, I just think the reasoning is stupid.  Just because you own the business, doesn't mean you get to use it to participate in widespread oppression.  Some people do, and those same people are in here wondering why people think their group is racist.  Well... that's why we do.",1318,78,1,subreddit-moderatepolitics
"C: Yea I understand the reasoning, I just think the reasoning is stupid.  Just because you own the business, doesn't mean you get to use it to participate in widespread oppression.  Some people do, and those same people are in here wondering why people think their group is racist.  Well... that's why we do.","It's more about the freedom to own what you own than racism though.  I understand if you disagree with it, but that doesn't mean you have to call them racist.

And not all Tea people think that way.  From the ones I've talked too, most of them haven't thought about removing those laws. ",1318,79,0,subreddit-moderatepolitics
B: We know.,"And, what's your point then? Why ask questions you don't want answers to?",1824,7,1,subreddit-moderatepolitics
"A: And, what's your point then? Why ask questions you don't want answers to?","That was a statement, not a question. ",1824,8,1,subreddit-moderatepolitics
C: Keep lying to yourself. This false racism narrative is one of the reasons he won the election.,Sure all the brown and black people that dont support him don't know what racism feels like. ,1824,28,1,subreddit-moderatepolitics
C: Sure all the brown and black people that dont support him don't know what racism feels like. ,How about all of the ones that do support him? Do they know what racism feels like?,1824,29,1,subreddit-moderatepolitics
A: How about all of the ones that do support him? Do they know what racism feels like?,The 2% of them? Yea they do too. Cognitive dissonance is strong though. Like Gay people wanting to be married by institutions that's think they deserve to be stoned to death,1824,30,0,subreddit-moderatepolitics
C: The IRS attacked Republicans before Trump was running. Perhaps the sickness came from Obama.,Obama FIRED the IRS director for profiling conservative organizations... But just maybe the sickness came from the thousands of conservative organizations suddenly fraudulently filing as 501c3's.,2089,3,1,subreddit-moderatepolitics
C: Obama FIRED the IRS director for profiling conservative organizations... But just maybe the sickness came from the thousands of conservative organizations suddenly fraudulently filing as 501c3's.,fraudulently? Have proof of thousands of fraudulent applications?,2089,4,1,subreddit-moderatepolitics
"C: The main issue is and always was the IRS ethics. Not even on the right was it ever contended whether this practice was *actually happening*. It was. You, being the first to presume there was never any wrongdoing to begin with, must provide proof.",Wait. So you expect me to provide proof to discount the baseless claim that you made?,2089,10,1,subreddit-moderatepolitics
"A: My thought is, if you accuse them all of being Russian agents, then maybe they will shut the fuck up. ","No, only the non-Russian agents will quit. The Russians are doing it for money and since their economy is on-par with freakin' Mexico (in a keptocracy, no less) good paying jobs are seriously hard to come by.

There's an old saying, ""If you could eat despair, Russia would feed the world.""",2089,60,0,subreddit-moderatepolitics
A: He's still blamed for the lack of a balanced budget.,Which he can do precisely nothing about.,2138,5,1,subreddit-NeutralPolitics
"C: It's not time for that yet, his role comes when bills are proposed or passed. And he can say ""I won't sign it unless X is true""",You're thinking far too literally.,2138,8,0,subreddit-NeutralPolitics
B: That's what I had heard as well.,And who has a vested interest in you believing that?,2935,10,1,subreddit-NeutralPolitics
A: And who has a vested interest in you believing that?,"Meh. The whole point of whistle-blowing is showing the public classified stuff, because it hides the things govt does. 

People keep repeating such things that the documents manning released  put american lives in danger, however I ask you: Which ones specifically? So far I've seen this mostly as a media ploy to get support for govt action against manning. I have yet to see someone quote things that mannings specifically shouldn't have released.",2935,11,0,subreddit-NeutralPolitics
A: It was tried in a military court. It will have no precedence in civilian courts.,"This is absolutely true. That said, I believe there is perhaps a wider ""trans-legal"" precedent that this may set.",2935,35,1,subreddit-NeutralPolitics
"A: This is absolutely true. That said, I believe there is perhaps a wider ""trans-legal"" precedent that this may set.","He was not acquitted. He was found not guilty of one change, Aiding the Enemy. He was found guilty on 19 charges including 5 counts of espionage.",2935,36,1,subreddit-NeutralPolitics
"B: I'm curious to what extent a judge generally has an effect on the admissibility of certain evidence. I'd imagine a judge would be able to rule on this, but how common is it significant?","I'm pretty sure you could write a 100 page paper on this topic but in the federal court federal rules of evidence rule 403 allows evidence that is more probative (helpful or insightful) than prejudicial (unfair to one side).  There is likely some governing case law, but it does provide for from judicial discretion.",3423,34,0,subreddit-NeutralPolitics
"C: I'm pretty sure you could write a 100 page paper on this topic but in the federal court federal rules of evidence rule 403 allows evidence that is more probative (helpful or insightful) than prejudicial (unfair to one side).  There is likely some governing case law, but it does provide for from judicial discretion.",Thanks! I know it's a pretty huge question ,3423,35,0,subreddit-NeutralPolitics
B: Try again. I know your reading comprehension is better than that.,"I agree my reading comp is spectacular... but only when I am paying attention.

I stopped paying attention to this conversation a few posts back now.",3447,38,0,subreddit-moderatepolitics
B: Good bot,Sounds like the best reality show not on TV today.,3687,7,1,subreddit-moderatepolitics
B: I have no idea what you are trying to say.,We finally agree on something. ,4298,5,1,subreddit-moderatepolitics
B: The exchanges are what must of the public is directly involved with. Those other features of the law aren't necessarily things the public is utilizing. So anyone that hasn't had issues with pre existing conditions or doesn't provide insurance for children in the expanded age range will be influenced predominantly by the exchange process.,"Ignorance isn't a good excuse though. If you don't know the ten basic principles of the ACA, or have read them at one time, you shouldn't be complaining about the entirety of the bill. ",4317,39,1,subreddit-NeutralPolitics
"A: Ignorance isn't a good excuse though. If you don't know the ten basic principles of the ACA, or have read them at one time, you shouldn't be complaining about the entirety of the bill. ",Right but if you don't poll the ignorant you end up with a shitty sample.,4317,40,0,subreddit-NeutralPolitics
"C:  When people asked GOP spokespeople opposing reforms what doctors and Hospitals should do with the uninsured, the only GOP answer (if they even gave one) was along the lines of ""Well, maybe they shouldn't treat these people."" Which is a round-about way of saying ""They should just die.

Can I get a citation for that? Frankly, it sounds like a load of bullshit. A statement like that is political suicide.","I have to admit, I don't remember who I heard saying this.  But I recall hearing it several times.  And it's not political suicide to say things like this on FNC.",4317,72,1,subreddit-NeutralPolitics
A: They don't seem to care that this Reagan era Act is what gave hospitals the green light to pass on the cost of the uninsured to the rest of us. ,I see. So you prefer a system that asks for proof of payment before they get served in an ER?,4317,75,1,subreddit-NeutralPolitics
"B: Truth be told, not my problem. Healthcare is a business where money talks and bullshit whispers.",Is that what you'd tell your wife or child if they couldn't get healthcare to pay for their chemotherapy?,4317,85,0,subreddit-NeutralPolitics
A: Is that what you'd tell your wife or child if they couldn't get healthcare to pay for their chemotherapy?,"I'm in a position were I don't have to worry about that. Just don't force people to purchase private goods. That's using government to spur an industry, which doesn't fly with me.",4317,86,1,subreddit-NeutralPolitics
"C: Their health care is subsidized by extortion money. Its the same as mob bosses giving out turkeys for thanksgiving. ""Hey, thanks for our racket money, here's something to slightly boost our image"".","Healthcare is literally essential for life. May as well go about it in an efficient manner. 

Libertarians have such a problem with democracy. When the majority of people want to band together and do something, they cry tyranny because their narrow view isn't always closely followed.",4317,97,1,subreddit-NeutralPolitics
"B: Because I choose to do so. I voluntary do so. If you want to gang up with people and purchase bulk healthcare coverage, then do so, but leave me out of it. Right now I'm unwilling to give my money to other people. It is extorted from under threat of harm to myself.",Thank goodness no one takes libertarians seriously.,4317,105,0,subreddit-NeutralPolitics
"C: You wanted my opinion, so there it is.","Oh, I wasn't the one asking for your opinion, I'm just an amused bystander that appreciates your tenacity.",4317,109,0,subreddit-NeutralPolitics
"A: Virginia does have compulsory car insurance laws, they just let you pay a fee as an alternative. Which, to me, is rather a lot like the ACA's individual mandate.",You can choose not to drive or enter a particular profession.  You can't choose to not be alive.  ,4317,122,1,subreddit-NeutralPolitics
C: Obamacare is universal healthcare.  I would presume the effect on R&D to be minimal.,I don't think that is the case.,4591,12,0,subreddit-NeutralPolitics
C: I don't think that is the case.,"Do you really mean ""single-payer healthcare?""",4591,13,0,subreddit-NeutralPolitics
"B: Do you really mean ""single-payer healthcare?""",Oh maybe!  I might be lost in verbage.  I'm thinking a Canadian Style healthcare system.,4591,14,1,subreddit-NeutralPolitics
B: Oh maybe!  I might be lost in verbage.  I'm thinking a Canadian Style healthcare system.,"So-called Obamacare requires that everyone have health care, that for-profit insurance companies cannot refuse coverage, and that those who cannot afford insurance will be subsidized.  (As I understand it, anyway.)  So it's really a compromise to try to help the uninsured, rather than coverage paid for by taxes available to everyone.",4591,15,1,subreddit-NeutralPolitics
"A: No, universal and single-payer are not synonymous.  Not that many countries actually have single-payer.  Universal just means that everyone is covered.",Thank you!  ,4591,19,1,subreddit-NeutralPolitics
"B: ""If you can't get government completely out of the business, at least limit their role to financing, as they've proven time and again that they can't handle administration for shit.""",That's nonsense.,4591,28,0,subreddit-NeutralPolitics
C: Seems to me that the military's principal objective isn't efficiency. It's effectiveness. ,"This is a democracy. ""You are the government"". Kind of like how you're not in traffic, you are traffic. ",4591,54,0,subreddit-NeutralPolitics
"This is a democracy. ""You are the government"". Kind of like how you're not in traffic, you are traffic. ",I wish that were true.,4591,55,1,subreddit-NeutralPolitics
"A: The same way they did before they changed it so that they could finance War without having to sell bonds:

The Congress shall have power To lay and collect Taxes, Duties, Imposts and Excises, to pay the Debts and provide for the common defence and general Welfare of the United States; but all Duties, Imposts and Excises shall be uniform throughout the United States;",So you're a flat tax guy. Aren't those really regressive?,4591,60,1,subreddit-NeutralPolitics
"C: I don't believe that taking from some and giving to others is a responsibility that government should have.  I personally believe that we've raised whole populations to focus on entirely on what they get from government, and that removing it immediately would prove disastrous.  I'd move immediately towards replacing Welfare and fertility grants with negative income taxes and large bounties to at risk women choosing IUD's or something similar.  After that, we can work towards a repeal.","I've always been a bit anti-libertarian because all their tax schemes disproportionately benefit the rich and hugely screw everyone else. Your handouts probably won't get to me, but your sales tax definitely will. I see the word ""only"" being tossed around with numbers like 23% in the fair tax circles o_O",4591,62,0,subreddit-NeutralPolitics
"C: I've always been a bit anti-libertarian because all their tax schemes disproportionately benefit the rich and hugely screw everyone else. Your handouts probably won't get to me, but your sales tax definitely will. I see the word ""only"" being tossed around with numbers like 23% in the fair tax circles o_O","I agree, we should scale down the size of government so that taxes become less onerous.",4591,63,0,subreddit-NeutralPolitics
"B: Physicians would get paid the same way they do now in the US: they are salaried by the hospital they work for (or sometimes, but rarely, receive commission pay by the hospital) or make money by operating their own private clinic. 

I am not the person you replied to, btw.",Half of what makes the subsidized account-payer system so awesome is that hospitals aren't allowed a huge profit and chargemasters can't go crazy with their prices.,4591,77,0,subreddit-NeutralPolitics
A: Is it fee for service or pay for performance reimbursement? ,"How would that Signapore model change things for Americans who can't afford healthcare? At the end of the day, you can't dismiss inequality in health care because it's a major factor. The reason that single-payer healthcare exists is so that everyone has an equal opportunity to access it. Not to mention that single-payer healthcare can still leave room for more advanced treatment payed out individually (and occasionally subsidized by the gov't). Something you seem to have overlooked.",4591,94,0,subreddit-NeutralPolitics
"A: Actually a single payer system saves money in the long term when you look at how much time and money are lost due to illness or injury. At the end of the day, forcing people into debt over illness is a horrible incentive and will most likely leave people feeling overwhelmed.","You may want to look at the health and economic outcomes of the Singaporean system, they put the rest of the world to shame.

People are not forced in to debt in an account-payer system.",4591,114,1,subreddit-NeutralPolitics
"B: You may want to look at the health and economic outcomes of the Singaporean system, they put the rest of the world to shame.

People are not forced in to debt in an account-payer system.",We're talking about applying it the the states here. I'm just not sure the results will have the same effect.,4591,115,1,subreddit-NeutralPolitics
"C: Does the US have shit hospitals? Without a doubt it has some with problems, but is it common to shit ones? It certainly doesn't in any area I've lived, but those have been more affluent places, so I don't know how representative they are.","Yes they do, in the poorer areas (if there's a hospital close by at all). One of the biggest problems with a 'two tier' healthcare system is that you'll often see a larger difference in hospital standards when you compare private and public hospitals.",4591,120,1,subreddit-NeutralPolitics
B: Except that our recent history indicates otherwise?,"No it doesn't, you are confusing correlation with causation.",4591,142,0,subreddit-NeutralPolitics
"A:  LOL! No, you're the one suggesting raising taxes would negatively affect the economy. The burden is on you.

No, you are the one claiming a correlative effect in history leaves the burden on me to disprove it rather then the burden on your to establish its causal.

I already linked you to a paper which directly relates to this subject (which clearly you didn't even read the abstract of), feel free to google distortionary cost too.","No, you are the one claiming a correlative effect in history

Absolutely not at all. I'm saying there isn't historical evidence for what you propose.",4591,147,0,subreddit-NeutralPolitics
"C: I'm a libertarian as well, but I believe in universal health care.  I see health care as a human right, thus falls under the umbrella of what government should provide.","I'm not sure that totally jibes (thanks Gnome) for me.  

I see life as a human right.  Your life, your liberty and your property.  But when you demand healthcare, aren't you demanding the liberty of a doctor or dentist or nurse?  ",4591,210,1,subreddit-NeutralPolitics
"B: Happiness is subjective.  Property is pretty well agreed upon.
","The value of life is also subjective and yet the founders of the US dared to say that we are all created equal. Of course it's subjective. That's why each nation has a different set of laws.

ps-Property is subjective, too...",4591,222,1,subreddit-NeutralPolitics
"B: I've been a big fan of Milton for a long time.  Coincidently, I just ordered the DVDs series for my brother yesterday.","Like most far-right Austrian/Chicago economists, Friedman ignores empirical reality far too often in favor of what his math tells him should haoppen.",4796,30,0,subreddit-moderatepolitics
C: Now we are complaining about when he says something true? ,Stupid/not is a separate axis from true/not.,4850,9,0,subreddit-moderatepolitics
"A: Are you asking for a description of manufactured consent, or evidence that propaganda can shape public opinion in neoliberal western societies too?",The latter please.,4880,10,0,subreddit-NeutralPolitics
"C: Too bad we have no option. You can't effectively ""boycott"" medical care.  ",eat vegetables and walk. that will reduce 80% of health care costs. ,5123,2,1,subreddit-NeutralPolitics
"B: Just remember that Singapore is a city-state of 5 million people, making it a small sample size. ",Sweden isn't much bigger.,5123,34,1,subreddit-NeutralPolitics
B: Sweden isn't much bigger.,"But is it too small? I could understand if Singapore only had a few thousand people. But a few million seems like it would be big enough to not make the data a bad comparison. As in, if I flipped a coin 5 million times, versus 5 billion, analytical data wouldn't be skewed between the 2 comparisons enough to make it inaccurate, just that the extra flips were unnecessary. ",5123,35,0,subreddit-NeutralPolitics
"B: A good market

You're just projecting your own values onto others.

Many people aren't interested in what you think is a good market  To you, a 'good' market could be one wherein no alcohol or drugs are sold.

Let us each decide for ourselves what we're willing to spend our money on.",What are you responding to?,5123,73,0,subreddit-NeutralPolitics
C: What are you responding to?,A market is a market; calling it 'good' is bringing your own value-judgments into it.,5123,74,1,subreddit-NeutralPolitics
"B: There is whistleblower protection for government workers who reveal criminal wrongdoing in government agencies. It could be argued that the Director of National Intelligence, James Clapper, criminally lied to Congress in his testimony just three months ago, which Snowden would be revealing.","Out of curiosity, would that cover everything he revealed? Because he did say specific things, not just ""that guy lied"".",5136,3,0,subreddit-NeutralPolitics
"A: Out of curiosity, would that cover everything he revealed? Because he did say specific things, not just ""that guy lied"".",No. I'm sure the government will come at him with all manner of charges.,5136,4,1,subreddit-NeutralPolitics
"A: blame our stupid monkey brains, but personal connections still matter.  being able to walk into someone's office is, and always will be, a powerful thing.",But isn't a state legislator's office easier to walk into than the gobernor's?,5193,23,0,subreddit-NeutralPolitics
C: But isn't a state legislator's office easier to walk into than the gobernor's?,"yes, which is why I want the power in the governor's office, to limit the effect of direct lobbying.",5193,24,0,subreddit-NeutralPolitics
"C: yes, which is why I want the power in the governor's office, to limit the effect of direct lobbying.","Well there are essentially four people that could wield that kind of power in the State Legislature: The Speaker of the lower, the Majority  Leader of the lower body, the President Pro Temp of the upper body and the Majority Leader of the upper body. 

Their office hours are much fuller than the average back-bencher.",5193,25,0,subreddit-NeutralPolitics
C: I'm not worried about Trump having a grand strategy. I'm more worried about Bannon.,This right here.,5538,5,1,subreddit-moderatepolitics
A: I never thought I would see the day when I was thankful for that guy. Lets hope he does his job with the best interests of every American in mind. ,"Since he's probably one of the most well-read individuals in the Cabinet-as-we-know-it, I'll take Mathis' reasoning skills above others with ulterior motives.",5538,14,0,subreddit-moderatepolitics
"B: Since he's probably one of the most well-read individuals in the Cabinet-as-we-know-it, I'll take Mathis' reasoning skills above others with ulterior motives.","Question: assuming he is trying to, does he have enough support from the military and police to successfully pull it off? What institutions are capable of stopping him peacefully?",5538,15,1,subreddit-moderatepolitics
C: the military and police will not intervene. Trump must follow judicial orders. federal marshals will enforce it.,Sure buddy and he'll never win a primary ;),5538,20,1,subreddit-moderatepolitics
C: Sure buddy and he'll never win a primary ;),"ummm ok, whatever, bro. Trump's slipper slope stops here. his defiance of the judiciary will get him impeached.",5538,21,1,subreddit-moderatepolitics
B: Another way to frame that question is: Can we in a sustainable manner continue on the path we are now?,"My guess is the answer that no we can't, and a lot of poor people (worldwide) need to die in order to maintain our America sized standard of living.",6140,5,0,subreddit-NeutralPolitics
C: Would UK doctors have lower loan debt?,Yes. Their fees are paid for by the NHS,6140,45,1,subreddit-NeutralPolitics
C: Yes. Their fees are paid for by the NHS,Oh wow. Is it a lot harder to get into med school or what's their academic process?,6140,46,1,subreddit-NeutralPolitics
"A: You're going to have to come up with some incredible numbers to justify the class that most Americans can just move. 

I'm sorry, but this really sounds like an upper middle class response to the problem that just isn't reasonable from a lower class perspective. ","It doesnt cost much to move states, anymore than moving anywhere in your own city other than transport of your 'things' when I was young and broke I did it three separate times, till I realized my problems were mine, and not the places I was living in.",6140,124,0,subreddit-NeutralPolitics
"C: It doesnt cost much to move states, anymore than moving anywhere in your own city other than transport of your 'things' when I was young and broke I did it three separate times, till I realized my problems were mine, and not the places I was living in.","I'm assuming you were living on your own and not in a career that requires years built up in one company before you start reaping the financial rewards. 

Just because it works for you doesn't mean it's going to work for the single mother down the street or the young adult working in a field that isn't readily available in every town.",6140,125,0,subreddit-NeutralPolitics
"B: I'm confused about what you're saying, are you being serious about those things because literally none of those things make sense together..","Yes, which example was  confusing? ",6140,143,1,subreddit-NeutralPolitics
"C: Defense is an interesting choice, because it's a two-way monopoly.","It's pretty much a perrenial complaint of doctors and hospital networks that Medicare and Medicaid have lower reimbursement than most private insurance.  

With the exception of Medicare's prescription drug benefit, when Republicans expanded Medicare in 2003 they forbade Medicare from being able to negotiate prescription drug prices.",6140,193,1,subreddit-NeutralPolitics
"C: It's pretty much a perrenial complaint of doctors and hospital networks that Medicare and Medicaid have lower reimbursement than most private insurance.  

With the exception of Medicare's prescription drug benefit, when Republicans expanded Medicare in 2003 they forbade Medicare from being able to negotiate prescription drug prices.","It is reasonable - if you expect cost savings from monopsony effects, you are expecting to pay someone less. Unless if you have a good idea who that someone is, it is unreasonable to expect much from there.

If you expect savings of say, 10%, that is $3 trillion of someone you are not going to pay. That isn't going to come from a handful of executives and shareholders.",6140,194,1,subreddit-NeutralPolitics
"B: It is reasonable - if you expect cost savings from monopsony effects, you are expecting to pay someone less. Unless if you have a good idea who that someone is, it is unreasonable to expect much from there.

If you expect savings of say, 10%, that is $3 trillion of someone you are not going to pay. That isn't going to come from a handful of executives and shareholders.",It will come from the profit margins the insurance companies are making. That's 15% savings right there.,6140,195,0,subreddit-NeutralPolitics
"A: 804B is revenue, not profit ","Correct. And by law, 85% of revenue has to go to medical care, leaving 15% for admin and profit.",6140,203,1,subreddit-NeutralPolitics
"A: Correct. And by law, 85% of revenue has to go to medical care, leaving 15% for admin and profit.","Admin costs won't go away.

Health insurance profit margins have been less than 4% since 2008",6140,204,1,subreddit-NeutralPolitics
A: Sure they will. Insurance will go away. No need for admin when there is nothing to administer. ,"Are we going to shift to a single provider model?

If not, someone is going to need to do all the interfacing between providers and medicare, the same way they do between providers and insurers right now.",6140,206,1,subreddit-NeutralPolitics
"C: Are we going to shift to a single provider model?

The subject is ""Is the GOP's claim that single-payer on a Federal level would costs $32 trillion accurate?""

so...",Single payer isn't the same as single provider.,6140,208,1,subreddit-NeutralPolitics
"B: As is proper, because there is no way in hell the US government is going to make the entire medical industry take a pay cut.",It also assumes no cost inflation from monopoly effects.,6140,217,1,subreddit-NeutralPolitics
B: Do you not mix in any ideas from the right?,"I consider them. If their side worries me, I'll go left. If both sides sound pretty good, I'll stick in the center and not worry about it.

Balanced budget is my jam though.",6395,24,1,subreddit-moderatepolitics
"B: I disagree with him on most issues. He's a libertarian republican, so perhaps that's not really surprising. As others have said, he is also somewhat of a social conservative, which I do not like.  
That being said, it seems that he a principled guy, which I like.","Reasonable people who are principled, rather then beholden to special interests, are able to compromise. Unlike corrupt politicians who only see value in getting what there campaign donors paid them to do.",6836,17,0,subreddit-moderatepolitics
A: Does that include farms where children have to sell off to large corporations to pay tax?,Serious question here. Is that a problem? The most expensive farm for sale I've ever seen is 2.5M.,7132,2,0,subreddit-NeutralPolitics
B: Serious question here. Is that a problem? The most expensive farm for sale I've ever seen is 2.5M.,"I don't know, but have heard it is. I've looked at property to buy and talked to realtors (in fact yesterday) and they say that this is very common.",7132,3,0,subreddit-NeutralPolitics
"A: I don't know, but have heard it is. I've looked at property to buy and talked to realtors (in fact yesterday) and they say that this is very common.","wasn't the idea for the guy to retire, and appoint son as CEO of company, then avoiding it?

also, farms are less than 1% of employment, that train has sailed, decades ago",7132,4,1,subreddit-NeutralPolitics
"A: wasn't the idea for the guy to retire, and appoint son as CEO of company, then avoiding it?

also, farms are less than 1% of employment, that train has sailed, decades ago","That is one of the most used arguments against the estate tax by the Republican party.  It makes it seem like the estate tax is killing the family farm.  First off, the percentage of small, family farms is already very low compared with corporate farms.  Secondly, agriculture is a very small part of the American economy, so you can't base all policy on the family farm.  Most importantly, the tax is structure so that families have over a decade to pay it.",7132,5,1,subreddit-NeutralPolitics
"A: "" First off, the percentage of small, family farms is already very low compared with corporate farms. ""

This is wrong. ""Overall, ninety-one percent of farms in the United States are considered ""small family farms"" (with sales of less than $250,000 per year)...""

I do agree that farms are used as a political posturing tool and that in reality agriculture is a tiny part of the economy.","I don't know where that stat comes from but it's misleading at best. Why?  Because, by definition, small farms produce less food, so you could have small farms produce 1% of the food while making up 99% of farms. ",7132,7,1,subreddit-NeutralPolitics
C: An inheritance tax disincentives saving. ,So should the FDIC capped at $250k.,7132,23,0,subreddit-NeutralPolitics
B: So should the FDIC capped at $250k.,I don't think that really does anything. Unless i'm mistaken they can just make multiple accounts at several banks and it will be insured up to that amount at each one.,7132,24,1,subreddit-NeutralPolitics
B: Which is a good thing for the economy when it comes to the wealthy.,"The fact that that money has already been taxed as income during the deceased person's lifetime. They've paid their dues on that income, and they should be able to do with it as they please. ",7132,26,1,subreddit-NeutralPolitics
"A: An inheritance is essentially a gift from a parent to a child usually. Why is the governments place to tell them that they are not entitled to the entire gift? If you are going to tax income, then it is very unfair to tax inheritance at a substantially higher rate than ""earned"" income.","because the government is by and for the people, not a boogeyman who tries to take money to line its pockets",7132,44,1,subreddit-NeutralPolitics
"C: because the government is by and for the people, not a boogeyman who tries to take money to line its pockets","The only argument that needs to be made:

-Assuming the money was obtained through legitimate means, it has already been taxed.",7132,45,0,subreddit-NeutralPolitics
"B: That sounds like any attempt to amend the constitution to remove or change the Electoral College would be extremely difficult. 

Why would a state like Alaska want to give up 2 electoral votes? So then they block in in the senate where they have more power to do so and it flounders.",Because it's what we've always done and we are absolutely terrible at changing things.,7190,10,1,subreddit-NeutralPolitics
B: Because it's what we've always done and we are absolutely terrible at changing things.,This really is the correct answer. Constitutional amendments are impossible in the current political environment.,7190,11,0,subreddit-NeutralPolitics
B: That’s a problem.  States rights violation.  ,"What enumerated clause in the constitution are you referring to?  As far as I can tell, the Federal Government is well within its rights to require a payment by states. ",7340,5,0,subreddit-NeutralPolitics
"A: What enumerated clause in the constitution are you referring to?  As far as I can tell, the Federal Government is well within its rights to require a payment by states. ",You can’t mandate states to enforce federal laws.  I think prigg vs Penn. is the Supreme Court case.   ,7340,6,0,subreddit-NeutralPolitics
B: You give the state a fee an d they pay it how they pay it is up to them. ,And if they don’t?  Like if they willfully don’t.  What are you going to do?,7340,8,1,subreddit-NeutralPolitics
C: And if they don’t?  Like if they willfully don’t.  What are you going to do?,Deny some sort of federal aid. It’s what they do for highway funding and drunk driving laws or speed limits. ,7340,9,1,subreddit-NeutralPolitics
C: In response to someone saying to move the collection of federal taxes to states.,A fugitive slave act case from 1842?  One where the federal government law over-road the state law?,7340,14,1,subreddit-NeutralPolitics
C: A fugitive slave act case from 1842?  One where the federal government law over-road the state law?,"Yes, that's why it's settled law...",7340,15,0,subreddit-NeutralPolitics
"B: Yes, that's why it's settled law...",But both from a very contentious and old ruling that actually says the opposite of the point. ,7340,16,1,subreddit-NeutralPolitics
C: But both from a very contentious and old ruling that actually says the opposite of the point. ,"they could level non-income taxes, like property and sales taxes.",7340,17,0,subreddit-NeutralPolitics
"B: they could level non-income taxes, like property and sales taxes.",That would be the point - to allow states to determine best how to levy taxes.  Maybe Vermont will go another path for example. ,7340,18,1,subreddit-NeutralPolitics
B: That would be the point - to allow states to determine best how to levy taxes.  Maybe Vermont will go another path for example. ,They can already do this for state taxes.  For federal taxes I have not idea what you are even suggesting.   States pay what they want?,7340,19,0,subreddit-NeutralPolitics
"C: By that logic you should be taxed again on any services taxes pay for, since you are getting something in return",I kinda agree with that too.,7340,75,0,subreddit-NeutralPolitics
A: I kinda agree with that too.,"I don't understand this (Not ""I don't understand how you could believe this"", I genuinely need clarification). The original comment says you should only receive services from ""systems"" you pay into. How does that translate into, for example, paying taxes on the value law enforcement provides?",7340,76,0,subreddit-NeutralPolitics
A: Gary Johnson should have run as an independent...maybe he could have gotten into the debate since a Libertarian never will...,I doubt that it's the fact that he's a Libertarian that's holding him back. One of the criteria for getting into the debates is that you need at least a 15% average in 5 of the main polls.  I seriously doubt he'd meet that 15% as an independent when he can't do it as a Libertarian. ,7710,1,0,subreddit-moderatepolitics
C: its simple it is nearly impossible for a third party candidate to win in the voting system america uses.,The 2 major parties have conspired to make this true. ,7710,22,0,subreddit-moderatepolitics
A: The 2 major parties have conspired to make this true. ,"Not entirely true: from the 12th amendment: if noone reaches 270 votes, the election is decided by the House of Representatives. That was back before the Democrats/Republicans.

Guess what? If you have 3 major candidates, no matter what party system you have, there's a good chance the election is going to be decided by the House of Representatives.",7710,23,1,subreddit-moderatepolitics
"B: Not entirely true: from the 12th amendment: if noone reaches 270 votes, the election is decided by the House of Representatives. That was back before the Democrats/Republicans.

Guess what? If you have 3 major candidates, no matter what party system you have, there's a good chance the election is going to be decided by the House of Representatives.",This assumes that a third party could attain control of the house...,7710,24,1,subreddit-moderatepolitics
C: This assumes that a third party could attain control of the house...,"I'm saying that requiring control of the house is a further barrier to the presidency, reducing the likelihood of 3rd party success. Please read carefully if you intend to comment.",7710,25,1,subreddit-moderatepolitics
"B: not exactly that, as a 2 party system is the logical out come of First-past-the-post",Yep. I'm not wasting my vote on a 3rd party until we have an instant-runoff voting system.,7710,29,0,subreddit-moderatepolitics
B: Yep. I'm not wasting my vote on a 3rd party until we have an instant-runoff voting system.,I get frustrated and confused when people jump to instant-runoff voting. Can you help me understand? May I ask why you prefer IRV to range voting? Are you aware that IRV fails the monotonicity criterion and the participation criterion and the consistency criterion and the reversal symmetry criterion and the independence of irrelevant alternatives criterion? Are you aware that IRV has resulted in (or at least not undone) a two-party stronghold everywhere it has been implemented?,7710,30,1,subreddit-moderatepolitics
"C: Any system that awards the winner of the median voter (aka democracy) makes it impossible for a third party candidate to win. It isn't just America. Look at the United Kingdom, and find the most recent third party Prime Minister.

The only way for a third party to emerge is if one of the two parties or voting blocs disbands or loses influence.","I'd vote for any purple party candidate even if they were a little further than dems from my beliefs, because I believe a two party system is more harmful than a president I don't completely agree with",7710,40,1,subreddit-moderatepolitics
"C: No, it wont work due to the nature of our system.

If a third party comes along, they typically get a majority of their support from the either the Rep or Dem party. This division will cause both the 3rd party and the party they stole their voters from. So both lose. In an effort to not lose again, they join forces.","We have third party candidates, but no one takes them seriously and they never get any where.  If we gave them more support or actually voted for them sometimes, more people would be willing to run as a third party candidate.",7710,46,1,subreddit-moderatepolitics
"C: We have third party candidates, but no one takes them seriously and they never get any where.  If we gave them more support or actually voted for them sometimes, more people would be willing to run as a third party candidate.","Agreed.  They move the discussion toward whatever direction they are taking.  The added benefit is that if the two parties saw an actual threat to the oligarchy, they might actually do something instead of just more empty rhetoric and status quo policy making.",7710,47,0,subreddit-moderatepolitics
"C: In theory I'm okay with letting smarter people than me do the voting. In practice smart people will likely find a way to manipulate the system to exploit dumb people. Not different than now, but I think it would be much worse.",The US is a democratic republic.,7984,9,0,subreddit-moderatepolitics
C: The US is a democratic republic.,"Because
We hold these truths to be self-evident, that all men are created equal, that they are endowed by their Creator with certain unalienable Rights, that among these are Life, Liberty and the pursuit of Happiness.

Once you start selecting who is and is not equally eligible to vote you destroy the entire foundation of democratic ideals on which our republic was built.",7984,10,0,subreddit-moderatepolitics
"C: Because
We hold these truths to be self-evident, that all men are created equal, that they are endowed by their Creator with certain unalienable Rights, that among these are Life, Liberty and the pursuit of Happiness.

Once you start selecting who is and is not equally eligible to vote you destroy the entire foundation of democratic ideals on which our republic was built.","Because when you don't give people a say how things go, they'll often try to take one. Violently.",7984,11,0,subreddit-moderatepolitics
"A: I hope available votes are overwhelmingly for his opposition, because he doesn’t support the will of all people that would be under his care.",So we are going to sue to invalidate the election right?,8301,2,1,subreddit-moderatepolitics
B: So we are going to sue to invalidate the election right?,"No, people are already jumping in this conversation to defend clear acts of voter suppression and corruption, and call defending voting rights a ""schtick"". That's how a lot of people in Georgia have been persuaded that voter suppression isn't.",8301,3,0,subreddit-moderatepolitics
"C: Certified mail is the only way to legally notify someone for things they are required by law to do, say jury duty or to appear in court. Everything else is just spam. Eliminating someones voter registration without valid notice is not acceptable. ","I'm astounded that the people in Georgia aren't rioting.

This is enough votes to sway the election in either direction in a typical year. It's clearly a display of corruption. No candidate be able to unilaterally decide who votes for them in any election, and here we have a candidate doing exactly that and largely doing it on racial lines.

",8301,9,0,subreddit-moderatepolitics
A: I didn't realize our right to vote had a time limit.,It doesn’t.  Who said it does?,8301,34,1,subreddit-moderatepolitics
A: It doesn’t.  Who said it does?,"Voting isnt a privilege it's a right. However I agree you need a way to confirm you are a citizen. I dont see why you cant just show up to the polls though with literally ANY government ID instead of this complicated registration system. We live in the internet age and you're telling me from just a name and a picture and a birthday we cant confirm what state you live in and that you are who you say you are? No, that's dumb, and the states should feel dumb thinking we are this gullible.",8301,35,0,subreddit-moderatepolitics
"C: Voting isnt a privilege it's a right. However I agree you need a way to confirm you are a citizen. I dont see why you cant just show up to the polls though with literally ANY government ID instead of this complicated registration system. We live in the internet age and you're telling me from just a name and a picture and a birthday we cant confirm what state you live in and that you are who you say you are? No, that's dumb, and the states should feel dumb thinking we are this gullible.","Greg Palast, a journalist and the director of the Palast Investigative Fund, said an analysis he commissioned found 340,134 voters were removed from the rolls on the grounds that they had moved – but they actually still live at the address where they are registered.

Yes if they do not vote or confirm that they still live at the address within in 5 years. 

That is procedure. It is not improper. ",8301,36,0,subreddit-moderatepolitics
C: I live in Georgia and intend to vote to change it. I'm not going to stop talking about the flaws in the law. Thanks.,"Damn it, thought I was far enough away from crazy people.",8301,57,1,subreddit-moderatepolitics
"C: It's a pretty dumb headline. My first reaction was ""Wow. Obama actually is just doing everything in his power to piss off Republicans.""",Seems to me Obama pisses off Republicans by simply existing in the world.,9229,2,1,subreddit-moderatepolitics
"A: So what if say Jim Carey were to have a child who is born in Canada?  Could that kid grow up to be POTUS given that he holds dual citizenship, albeit having been born in Canada as well?","if the child is born a citizen, the child is natural born.


Natural, in this case, is an adverb meaning ""while holding citizenship"".

it is opposed to naturlized, a verb meaning to gain citizenship.

there is no real debate over this by constitutional scholars, only by people trying to create talking points.",9251,2,1,subreddit-moderatepolitics
"C: So far they are, until a court decides otherwise. All of this is moot until someone presses the issue.","So even if Barack Obama had been born in Kenya, he would have still been eligible to be elected President? Since his mother was a citizen.  ",9251,28,1,subreddit-moderatepolitics
"C: So even if Barack Obama had been born in Kenya, he would have still been eligible to be elected President? Since his mother was a citizen.  ","Yup.

Although the CRS memo wasn't published until after the 2008 election, and was more about clarifying McCain's eligibility than Obama's.",9251,29,0,subreddit-moderatepolitics
B: If only they cared as much about the thousands of people in their districts imprisoned on drug charges.,"Why would they care? Every one of those thousands of people are costumers for their buddies in the private prisons sector. 
",9536,5,1,subreddit-NeutralPolitics
"B: Because technocracy is a fantasy.  When politics and science conflict, science loses every time.",Unrelated: You were right about this post. Game of Thrones turned out to be one of the greatest series ever. ,9536,13,1,subreddit-NeutralPolitics
C: Unrelated: You were right about this post. Game of Thrones turned out to be one of the greatest series ever. ,Impressive conversation necromancy. Nice to know I get at least some of them right. ,9536,14,0,subreddit-NeutralPolitics
A: It is ethical to use Jedi mind tricks against law enforcement officers.,no,9555,1,0,subreddit-NeutralPolitics
"B: Another question for those who argue that negotiating terms of these treaties in secret is undemocratic, is there a (structurally or otherwise) difference between trade negotiations between nations and peace negotiations between nations, like the recent Iranian nuclear talks.","Well, a big part of the objections to the secret trade agreement negotiations is that big business interests are brought into the fold, because they're considered stakeholders. With peace negotiations, the nation states themselves are usually the only parties.",10268,1,0,subreddit-NeutralPolitics
C: Just saying from a European perspective that even if it is more transparent we still have people complaining about how the whole thing should be public. I think it's going to be near impossible to get special interest groups stop complaining,"Trade agreements take place between companies that import and export things. What our governments are doing is getting together and deciding how much they are going to get in the way of and steal from those trying to trade. IMHO, there should be no state ""trade agreements."" They just need to GTFO of the way so that businesses can generate prosperity for the people.",10268,35,1,subreddit-NeutralPolitics
"B: It is physically & numerically impossible for every person who needs to immigrate to do so legally.

That would fall outside the area of responsibility of the new country. The government of the new country cannot be responsive to the needs of all people everywhere on earth. That would be physically and numerically impossible.","Believe it or not, America isn't so wonderful that people want to come here just to be homeless & unemployed. If there are jobs, they work. If there are no jobs, they tend to leave. If you don't want people ""taking"" jobs, stop allowing 2nd-world paychecks in a 1st-world country. ",11181,18,1,subreddit-NeutralPolitics
"A: Who said anything about america? Only you. All the rest of the relevant comments are about citizenship and immigration in general.

People my choose to break the law, that is not the fault of the new country, its government or its people. ","Yes; I said America. Hiding behind this thin veil of internationalism when you have a bunch of Americans speaking about specifically American approaches to immigration is just a polite way to avoid the full implications of whats being said. 

But look at the EU or African Union if you want; national cooperation as a solution to immigrant & refugee populations applies all around the world. ",11181,20,0,subreddit-NeutralPolitics
"A: Yes; I said America. Hiding behind this thin veil of internationalism when you have a bunch of Americans speaking about specifically American approaches to immigration is just a polite way to avoid the full implications of whats being said. 

But look at the EU or African Union if you want; national cooperation as a solution to immigrant & refugee populations applies all around the world. ",Representative democracies will always represent their constituents. Good and bad will result. It would be good for americans if mexico would allow foreigners to own land. Does mexico hate white people?,11181,21,0,subreddit-NeutralPolitics
C: Representative democracies will always represent their constituents. Good and bad will result. It would be good for americans if mexico would allow foreigners to own land. Does mexico hate white people?,What about the rights of individuals? Do you only believe in collective rights? Are you a collectivist? The USA is typically thought to espouse individualism. Is this a misconception?,11181,22,1,subreddit-NeutralPolitics
C: I don't think that I follow the point you're trying to make.,"I am usually not trying to make a point. :/ I write to get my own thoughts in order. I don't explain myself all the way through in writing as I probably should and what ends up on paper (or on screen) is a hodge podge of logic defying ""has anyone gone as far as to even like"" sort of thing. ",11181,38,1,subreddit-NeutralPolitics
"B: See, this is why I don't understand all the talk about China joining the TPP. ",Because then China gets voting rights in the organization and can use its clout in the same way the US can. It's like Russia joining NATO. ,11756,36,0,subreddit-NeutralPolitics
"C: it's my personal opinion on Krugman from studying economics and reading his work over the years.

Then please detail out specifics.

though I could link to other economists who call him out; though that still would simply be other people's opinions. 

That would be great, at that point others can at least discuss those opinions as well. 


Thank You","Well, he's very vocal when it comes to politics, and is a prominent  supporter of most standard left wing economic positions.  The point is that he's not objective.  He has a clear bias and he doesn't attempt to hide this.  ",11756,47,1,subreddit-NeutralPolitics
"A: Well, he's very vocal when it comes to politics, and is a prominent  supporter of most standard left wing economic positions.  The point is that he's not objective.  He has a clear bias and he doesn't attempt to hide this.  ","Again that is not a sufficient argument, as it is an opinion.  Please identify where he has a clear bias with examples. ",11756,48,0,subreddit-NeutralPolitics
"A: I think this is probably a slippery slope here. Not that I am a huge fan of politicos, and many government workers seem to be overpaid imbeciles. However if the economy takes enough of a hit quickly enough, you could find yourself with a country in shambles, and not enough salary to make it worthwhile to pursue. You would maybe have to have a yearly or period reset period to avoid this, or maybe just a minimum payment.  ","No. The economy is too complicated for those kinds of incentives.  Also, when you lower elected officials' pay you tend to increase corruption. ",11859,26,1,subreddit-NeutralPolitics
"C: I think your objectivity suffers when you start to draw absolute lines in the sand. I'm no fan of the military, but it serves a purpose. It's unrealistic to cut all funding.",Perhaps.,12013,9,1,subreddit-NeutralPolitics
B: Also dipped from Wisconsin. Writing is on the wall for that state.,Unfortunately a lot of younger people are doing the same driving the older more conservative voters into better position to keep Walker in power,12763,7,1,subreddit-NeutralPolitics
C: Unfortunately a lot of younger people are doing the same driving the older more conservative voters into better position to keep Walker in power,"I lost all respect for Wisconsin when it re-elected a governor that gutted campaign finance and corruption laws .explicitly so that he could be corrupt. You know something's wrong with a populace that supports such a person.

Just like Kansas in my eyes now",12763,8,1,subreddit-NeutralPolitics
"A: I lost all respect for Wisconsin when it re-elected a governor that gutted campaign finance and corruption laws .explicitly so that he could be corrupt. You know something's wrong with a populace that supports such a person.

Just like Kansas in my eyes now",Hopefully the gerrymandering case will go to the supreme court and WI is found to be in violation. That might help. ,12763,9,0,subreddit-NeutralPolitics
B: Then why not a different Republican?  Don’t they have primaries and such?,Pretty sure the GOP will usually throw their support behind a candidate they prefer. It's not easy to get rid of an incumbent like that,12763,74,0,subreddit-NeutralPolitics
B: not sure honestly.  i mean if he’s as unpopular as he sounds...,"I am sure.  It's not common.  It's not impossible for a party not to give the nomination to an incumbent, but it'd be highly irregular, and I'd imagine the Republican party as a whole would avoid doing so at most any cost.  It would be admitting failure at a high level, and short of some incredible scandal, I'd be surprised if it ever happens, especially given the new levels of tolerance Republicans seem to have for scandals. ",12763,77,0,subreddit-NeutralPolitics
"B: You can't have a forced boot straps situation if you aren't bringing in well paying jobs or ANYTHING for people to pick themselves up through. You don't want to enable people to just stay on welfare but you can't just gut a social safety net without working towards improving in other necessary areas like bringing in good jobs. It baffles me in a way when people just say get a job. Ok, where? ","I get where they are coming from - the hope was that if you cut taxes, businesses will flock to the area. Unfortunately, it might mean that businesses enjoy those tax cuts, and don't bring any new business to the area, because those tax cuts create an environment unlikely to attract the folks who do the hiring, or they're just happy to pocket the tax cut and not expand their workforce. 

",12763,84,0,subreddit-NeutralPolitics
"C: I get where they are coming from - the hope was that if you cut taxes, businesses will flock to the area. Unfortunately, it might mean that businesses enjoy those tax cuts, and don't bring any new business to the area, because those tax cuts create an environment unlikely to attract the folks who do the hiring, or they're just happy to pocket the tax cut and not expand their workforce. 

","I doubt many companies thought ""you know, we'd be rich if we hired a bunch of people, and paid them well, but instead, we'd prefer that nobody else benefits, so we'll just forego the getting rich part so nobody else gets rich.""  It's more the case that these simple economic plans ignore the externalities the taxes covered, and when those things go away, the original value isn't there.  ",12763,85,1,subreddit-NeutralPolitics
"C: Slashing taxes is popular, slashing benefits isn't. Everybody want everything and pay nothing for it","I think it's a little more complex than that. 

People hear 'tax cuts' and think their taxes will be cut, not realizing that most tax cuts benefit the wealthy, or large corporations. 

But yes, this type of thinking is a fine example of why we need better education and conversations around how public benefits and economics in general work. 

(lots of South Carolinians in this conversation - interesting)

",12763,99,0,subreddit-NeutralPolitics
"A: That's an interesting analogy, but I think it's important to note that the two concepts differ in that cable could likely parse things whereas it would be a truly onerous task to do the same with government spending. In addition, most of the channels have a benefit to the whole population even if they aren't relevant to certain people. Examples include the Childhood Education Channel and the Poor People Don't Die Channel. ","It's a rough analogy, but you could carry it a step or two further.  The ""Childhood Education Channel"" and ""Poor People Don't Die Channel"", even if you don't have children, and support educating children, maybe you think that those people should really only get 50 channels and not 100.",12763,114,0,subreddit-NeutralPolitics
"A: If you're going to make the claim that independent contractors pay a 50% income tax I'd like that to be sourced beyond anecdotes. 

For people claiming a tax rate in excess of 50% in the US, well I assume they are combining all possible taxes they pay including their retail sales tax and property taxes on things they own, but I think it would be pretty hard to get to that number. Although if you own a mansion and don't make a lot of money it's easy to see it all go out to property taxes.","Yes, I was wrong on the amount IC's pay...was thinking it was more than just the payroll tax, maybe cost of insurance? Either way I think the amount is reasonable considering the trade-offs, not arguing for lower taxes or anything.",12763,121,1,subreddit-NeutralPolitics
"C: I love this, the same people who wanna give more money to Nasa are upset that GE doesn't pay taxes.",Everyone should be upset that the person who breaks their back in a coal mine pay more in taxes than the behemoth that hides all the US Dollars in the Caymans.,12763,124,1,subreddit-NeutralPolitics
"C: It's not like that at all, and also that is a terrible argument. Computers weren't created by capitalism, and it's perfectly possible not to drive on roads or walk on sidewalks, you just have to live in untamed wilderness or places that are shitty and lack infrastructure because people can't/won't pay for it. ","If computers weren't created by capitalism, roads weren't created by governments. ",12763,150,0,subreddit-NeutralPolitics
"B: If computers weren't created by capitalism, roads weren't created by governments. ","No, bad try. Governments literally pay people to engineer and build roads. Computers were not invented by the economic system of private rather than public ownership of industry. It's like you have literally no idea what you're talking about.",12763,151,0,subreddit-NeutralPolitics
"A: No you just think you made a good argument, but since people are forced to pay for roads it doesn't matter if you oppose them. You paid for them, so you can use them. That would be different if you could opt out if paying taxes. Furthermore I didn't even bring up roads. Just because you oppose some of the stuff paid by taxes, you don't oppose everything. ","No the point is about forcing. Taxes and the services that they support can't be FORCED on anyone because as a member of society you agree that some portion of your resources may be taken for common use to the betterment of society. That's why I said if you don't like the idea of taxation go live somewhere with no government and society, because that is the only way you would have a right not to be ""forced"" to pay them.",12763,157,0,subreddit-NeutralPolitics
"A: No the point is about forcing. Taxes and the services that they support can't be FORCED on anyone because as a member of society you agree that some portion of your resources may be taken for common use to the betterment of society. That's why I said if you don't like the idea of taxation go live somewhere with no government and society, because that is the only way you would have a right not to be ""forced"" to pay them.",There is no free land to do this though. Liberland tried to do it. ,12763,158,1,subreddit-NeutralPolitics
A: There is no free land to do this though. Liberland tried to do it. ,I mean there are third world countries. But nowhere nice. That's because it doesn't actually work so people should quit complaining about it.,12763,159,1,subreddit-NeutralPolitics
"B:  It is easy to see how that just would not work with a conventional economy. 

I can't see it. That's just like every other progress that happened before. It's not like I don't know the arguments it's just that those arguments appear in every century and there is basically no difference between them. ","Post scarcity means every product and service that can be automated, will be. You can't have 90% employment when the only jobs left are creative/entertainment (and a few other niche services) ",12763,167,0,subreddit-NeutralPolitics
"A: I'm sure you don't mean to sound like it, but it reads like you are advocating not worrying about automation and technology and its effects on jobs based on historical optimism only. 

Taking the historical context, we work a smaller percentage of our lives than we ever have before. Is that decline going to stop at 40ish hrs per week for 40 years? ","No it will probably decline further, just as living standards have increased on average. ",12763,170,1,subreddit-NeutralPolitics
B: Are you suggesting that all of humanity should switch to a primarily prostitution based economy?,I'm suggesting that we don't know what jobs a future economy holds. Do you think farmers a few centuries ago imagined what an economy would look like that doesn't rely on 90% agriculture jobs? ,12763,176,0,subreddit-NeutralPolitics
"A: People don't understand ""post-scarcity"" is a virtually impossible concept. ","I am open to an argument that says it is impossible, or very unlikely. I just haven't heard one yet ",12763,187,1,subreddit-NeutralPolitics
"A: I am open to an argument that says it is impossible, or very unlikely. I just haven't heard one yet ",To keep it simple: Everything has scarcity by definition. Just because there is an abundance of one thing does not mean there are not scarcity of other things and it doesn't mean that abundance is sustainable either. Even the Sun will dim at some point.,12763,188,1,subreddit-NeutralPolitics
"B: ""We never actually tried communism!""

""We tried conservatism, but it failed. We think we can get it to work in a different situation though.""","yeah, i guess in my mind i was thinking the ""No True Scotsman"" applies to the situation. i mean, if they enacted their policies on an actual economy, and they didn't work, how else would they justify it other than to say that the area they tried it in wasn't somehow a ""true"" test? the only other answer is that their policies don't work, right?",12763,197,1,subreddit-NeutralPolitics
"B: yeah, i guess in my mind i was thinking the ""No True Scotsman"" applies to the situation. i mean, if they enacted their policies on an actual economy, and they didn't work, how else would they justify it other than to say that the area they tried it in wasn't somehow a ""true"" test? the only other answer is that their policies don't work, right?","Those aren't the only two options. You can say that it was a true test, and that it failed in this situation, and that you also think it might succeed in another situation.

If you give a cancer patient chemo and they still die, you don't say it wasn't a true treatment -- you obviously gave them the real medicine. But, you also don't say that chemo doesn't work. You say it didn't work, but that it still might work for other patients.",12763,198,1,subreddit-NeutralPolitics
"A: If you build your economy around a break-even point you're going to have a shortfall if the point isn't reached, that's just a strict tautology. It can be a 'not as bad' shortfall if you have a diversified economy but you're still running a deficit. The overarching difference of Norway's wealth fund is that since they don't budget for what they are going to receive they are actually impervious to price fluctuations; they have no break-even point and that's why they don't appear on that chart.","Until just a couple years ago, the Federal government controlled the price of raisins in the US by seizing a portion of farmers' crops each year. Amazingly, it took the Supreme Court striking down the program for it to stop.",12763,219,1,subreddit-NeutralPolitics
B: OK.,"OK? I mean I gotta ask why you are simply responding with ""OK.""",12763,246,0,subreddit-NeutralPolitics
"A: The hilarious thing is that even Arthur Laffer himself doesn't seem to get it. As parent comment's sources say, according to empirical data, peak revenue occurs at around 65% tax rate. ","That's one estimate though, plenty of other studies estimate the max to be closer to 30%.",12763,265,0,subreddit-NeutralPolitics
"C: That's one estimate though, plenty of other studies estimate the max to be closer to 30%.",i always laff,12763,266,0,subreddit-NeutralPolitics
"B: Some maybe, but most of those who argue for cutting taxes further don't care about the government's tax revenue because they think private industry could do it better. They want less government and see decreasing their budget as necessary to that goal.",True. At that point it becomes a philosophical argument about public vs private that goes down a deep rabbit hole.,12763,268,0,subreddit-NeutralPolitics
"C: Note that there is also broad consensus among economists that we're on the left-hand side of the Laffer curve, at least with respect to total tax revenue.",The Laffer Curve is entirely about government revenue. The principle in and of itself claims nothing about economic growth (although Laffer himself might make such claims for other reasons).,12763,271,0,subreddit-NeutralPolitics
C: Is it your assertion that growth associated with technological change and retail sector productivity growth coincidentally stopped in 2001 around the same time the first major tax-reduction legislation was passed? ,"Partially. We entered into a recession in part due to the dot com bubble bursting, and taking some online-associated retail business with it. ",12763,277,0,subreddit-NeutralPolitics
"B: FFRDCs also include military research + oversight-oriented organizations such as MITRE, Aerospace Corp, and RAND. The JPL FFRDC serves essentially the same function, for NASA.","Aha, did not know that. Thank you!",13341,4,0,subreddit-NeutralPolitics
A: Do the guilty pleas from those campaign staffers not signify there was something worth investigating?,"No, they don't. Pleading guilty to lying to the FBI does not indicate there was something worth investigating. He said he met with some professor after joining the campaign, when the meeting actually took place just after he joined the campaign. I don't think that this indicates that there should have been an investigation. There could be other reasons, but this isn't one.
",14036,49,1,subreddit-NeutralPolitics
"A: No, they don't. Pleading guilty to lying to the FBI does not indicate there was something worth investigating. He said he met with some professor after joining the campaign, when the meeting actually took place just after he joined the campaign. I don't think that this indicates that there should have been an investigation. There could be other reasons, but this isn't one.
","Even though the content of those lies deals with things such as setting up connections between the Trump campaign and Russia?:

Documents say Papadopoulos, “over a period of months,” sought to use the connections of the professor and the woman described as Putin’s relative to set up a summit between the campaign and the Russian government.
",14036,50,1,subreddit-NeutralPolitics
